"","Acc18-Pre","Acc18-On","Acc05-Pre","Acc09-Pre","Acc09-On","Acc11-Pre","Acc11-On","Acc13-Pre","Acc13-On","Acc17-Pre","Acc08-Pre","Acc06-Pre","Acc12-Pre","Acc12-On","Acc02-Pre","Acc02-On","Acc01-Pre","Acc03-Pre","Acc04-Pre","Acc14-Pre","Acc07-Pre"
"BRAF","nonsynonymous SNV","","nonsynonymous SNV","","nonsynonymous SNV","","","","","","","","","","","","","","","",""
"BRCA1","","","","","","","nonsynonymous SNV","","","","","","","","","","","","","",""
"CDC27","","","nonsynonymous SNV","","","","","","","","","","","","","","","","","",""
"CDKN2A","nonsynonymous SNV","nonsynonymous SNV","","","","","","","","","","","","","","","","","","",""
"CSF1R","","","","","","","nonsynonymous SNV","","","","","","","","","","","","","",""
"ERBB4","","","","","","","","","","nonsynonymous SNV","","","","","","","","","","",""
"EYS","","","","","","","","","","","nonsynonymous SNV","","","","","","","","","",""
"KRAS","","","","","","nonsynonymous SNV","nonsynonymous SNV","","","","","","","","","","","","","",""
"MEN1","","","","","","","","","","","","stopgain","","","","","","","","",""
"MET","","","","","","","nonsynonymous SNV","","","","","","","","","","","","","",""
"NOTCH3","","","","","","","","","","","","stopgain","","","","","","","","",""
"NTRK1","","","nonsynonymous SNV","","","","","","","","","","","","","","","","","",""
"PDGFRB","","","","","","","nonsynonymous SNV","","","","","","","","","","","","","",""
"PPP1R3A","","","","","","","nonsynonymous SNV","","","","","","","","","","","","","",""
"RUNX1T1","nonsynonymous SNV","","","","","","","","","","","","","","","","","","","",""
"SRC","","","","","","","nonsynonymous SNV","","","","","","","","","","","","","",""
"TPTE","","","","","","","","nonsynonymous SNV","nonsynonymous SNV","","","","","","","","","","","",""
"WNK1","","","","","","","nonsynonymous SNV","","","","","","","","","","","","","",""
